Filename,Green pixels,Total pixels,Coverage
B111_EE_IMG_0951_220414_WB_A4_Feuilles.JPG,105866,4646400,0.02278452134986226
B111_EE_IMG_0951_220414_WB_A4_Tiges.JPG,8556,4646400,0.0018414256198347107
B111_EE_IMG_0951_220414_WB_A4_Vrilles.JPG,21460,4646400,0.004618629476584022
B112_EE_IMG_0952_220414_WB_A4_Feuilles.JPG,197850,4641280,0.04262832666850524
B112_EE_IMG_0952_220414_WB_A4_Tiges.JPG,15959,4641280,0.00343849110590182
B112_EE_IMG_0952_220414_WB_A4_Vrilles.JPG,34253,4641280,0.007380076185879757
B113_EE_IMG_0953_220414_WB_A4_Feuilles.JPG,153659,4633600,0.033161904350828726
B113_EE_IMG_0953_220414_WB_A4_Tiges.JPG,12799,4633600,0.0027622151243093924
B113_EE_IMG_0953_220414_WB_A4_Vrilles.JPG,31853,4633600,0.006874352555248619
B114_EE_IMG_0954_220414_WB_A4_Feuilles.JPG,189923,4638720,0.04094297564845475
B114_EE_IMG_0954_220414_WB_A4_Tiges.JPG,15137,4638720,0.003263184671633554
B114_EE_IMG_0954_220414_WB_A4_Vrilles.JPG,36480,4638720,0.007864238410596027
B115_EE_IMG_0956_220414_WB_A4_Feuilles.JPG,143292,4638720,0.030890418046357615
B115_EE_IMG_0956_220414_WB_A4_Tiges.JPG,13945,4638720,0.0030062172323399557
B115_EE_IMG_0956_220414_WB_A4_Vrilles.JPG,31270,4638720,0.0067410837472406185
B121_EE_IMG_0963_220425_WB_A3_Feuilles.JPG,313754,4628480,0.0677876970409292
B121_EE_IMG_0963_220425_WB_A3_Tiges.JPG,17971,4628480,0.0038827001521017698
B121_EE_IMG_0963_220425_WB_A3_Vrilles.JPG,53691,4628480,0.01160013654590708
B122_EE_IMG_0964_220425_WB_A3_Feuilles.JPG,253444,4631040,0.05472723189607518
B122_EE_IMG_0964_220425_WB_A3_Tiges.JPG,16323,4631040,0.0035246942371475955
B122_EE_IMG_0964_220425_WB_A3_Vrilles.JPG,43326,4631040,0.00935556592039801
B123_EE_IMG_0966_220425_WB_A3_Feuilles.JPG,280833,4631040,0.06064145418739635
B123_EE_IMG_0966_220425_WB_A3_Tiges.JPG,19555,4631040,0.004222593629076838
B123_EE_IMG_0966_220425_WB_A3_Vrilles.JPG,50392,4631040,0.01088135710337203
B124_EE_IMG_0967_220425_WB_A3_Feuilles.JPG,237892,4628480,0.05139743501106195
B124_EE_IMG_0967_220425_WB_A3_Tiges.JPG,13681,4628480,0.0029558299917035397
B124_EE_IMG_0967_220425_WB_A3_Vrilles.JPG,48712,4628480,0.010524405420353983
B125_EE_IMG_0968_220425_WB_A3_Feuilles.JPG,141056,4633600,0.030441988950276243
B125_EE_IMG_0968_220425_WB_A3_Tiges.JPG,6184,4633600,0.0013345994475138121
B125_EE_IMG_0968_220425_WB_A3_Vrilles.JPG,26601,4633600,0.005740892610497238
B131_A_EE_IMG_1040_220506_WB_A3_Feuilles.JPG,497806,4633600,0.10743396063535912
B131_A_EE_IMG_1040_220506_WB_A3_Tiges.JPG,7951,4633600,0.001715944406077348
B131_A_EE_IMG_1040_220506_WB_A3_Vrilles.JPG,91920,4633600,0.019837707182320443
B131_B_EE_IMG_1041_220506_WB_A3_Feuilles.JPG,404316,4631040,0.0873056592039801
B131_B_EE_IMG_1041_220506_WB_A3_Tiges.JPG,45973,4631040,0.009927143794914318
B131_B_EE_IMG_1041_220506_WB_A3_Vrilles.JPG,81905,4631040,0.017686092108899945
B131_C_EE_IMG_1042_220506_WB_A3_Feuilles.JPG,177788,4628480,0.038411746404867254
B131_C_EE_IMG_1042_220506_WB_A3_Tiges.JPG,2858,4628480,0.0006174813329646018
B131_C_EE_IMG_1042_220506_WB_A3_Vrilles.JPG,35800,4628480,0.007734720685840708
B132_A_EE_IMG_1043_220506_WB_A3_Feuilles.JPG,508382,4631040,0.1097770695135434
B132_A_EE_IMG_1043_220506_WB_A3_Tiges.JPG,0,4631040,0.0
B132_A_EE_IMG_1043_220506_WB_A3_Vrilles.JPG,83896,4631040,0.018116017136539524
B132_B_EE_IMG_1044_220506_WB_A3_Feuilles.JPG,127467,4628480,0.027539710660951327
B132_B_EE_IMG_1044_220506_WB_A3_Tiges.JPG,36367,4628480,0.007857223105641593
B132_B_EE_IMG_1044_220506_WB_A3_Vrilles.JPG,19203,4628480,0.004148878249446902
B133_A_EE_IMG_1094_220509_WB_A3_Feuilles.JPG,355754,4638720,0.0766922771799117
B133_A_EE_IMG_1094_220509_WB_A3_Tiges.JPG,1069,4638720,0.00023045150386313465
B133_A_EE_IMG_1094_220509_WB_A3_Vrilles.JPG,75674,4638720,0.016313552014348785
B133_B_EE_IMG_1095_220509_WB_A3_Feuilles.JPG,91252,4638720,0.01967180601545254
B133_B_EE_IMG_1095_220509_WB_A3_Fleurs.JPG,2374,4638720,0.0005117791114790287
B133_B_EE_IMG_1095_220509_WB_A3_Tiges.JPG,32522,4638720,0.007010985789183223
B133_B_EE_IMG_1095_220509_WB_A3_Vrilles.JPG,33045,4638720,0.007123732408940397
B133_C_EE_IMG_1096_220509_WB_A3_Feuilles.JPG,423964,4638720,0.09139676462472406
B133_C_EE_IMG_1096_220509_WB_A3_Tiges.JPG,212,4638720,4.5702262693156735e-05
B133_C_EE_IMG_1096_220509_WB_A3_Vrilles.JPG,91147,4638720,0.019649170460816778
B133_D_EE_IMG_1097_220509_WB_A3_Feuilles.JPG,201511,4641280,0.04341711769167126
B133_D_EE_IMG_1097_220509_WB_A3_Tiges.JPG,28797,4641280,0.006204538403199117
B133_D_EE_IMG_1097_220509_WB_A3_Vrilles.JPG,66273,4641280,0.014279035093767236
B133_E_EE_IMG_1098_220509_WB_A3_Feuilles.JPG,219877,4646400,0.04732201274104683
B133_E_EE_IMG_1098_220509_WB_A3_Fleurs.JPG,3753,4646400,0.0008077221074380166
B133_E_EE_IMG_1098_220509_WB_A3_Tiges.JPG,2003,4646400,0.00043108643250688703
B133_E_EE_IMG_1098_220509_WB_A3_Vrilles.JPG,35912,4646400,0.007728994490358127
B133_F_EE_IMG_1099_220509_WB_A3_Feuilles.JPG,222901,4633600,0.04810536084254144
B133_F_EE_IMG_1099_220509_WB_A3_Tiges.JPG,17219,4633600,0.0037161170580110496
B133_F_EE_IMG_1099_220509_WB_A3_Vrilles.JPG,63748,4633600,0.013757769337016574
B134_A_EE_IMG_1130_220511_WB_A3_Feuilles.JPG,452358,4636160,0.09757169726670348
B134_A_EE_IMG_1130_220511_WB_A3_Tiges.JPG,2330,4636160,0.0005025710933186085
B134_A_EE_IMG_1130_220511_WB_A3_Vrilles.JPG,74237,4636160,0.016012605259525123
B134_B_EE_IMG_1131_220511_WB_A3_Feuilles.JPG,200990,4636160,0.04335268843180563
B134_B_EE_IMG_1131_220511_WB_A3_Tiges.JPG,39688,4636160,0.008560532854776367
B134_B_EE_IMG_1131_220511_WB_A3_Vrilles.JPG,49696,4636160,0.010719215902816123
B134_C_EE_IMG_1132_220511_WB_A3_Feuilles.JPG,178150,4628480,0.038489957826327435
B134_C_EE_IMG_1132_220511_WB_A3_Tiges.JPG,6278,4628480,0.0013563848174778762
B134_C_EE_IMG_1132_220511_WB_A3_Vrilles.JPG,43044,4628480,0.009299813329646018
B134_D_EE_IMG_1133_220511_WB_A3_Feuilles.JPG,150531,4646400,0.032397339876033056
B134_D_EE_IMG_1133_220511_WB_A3_Tiges.JPG,7913,4646400,0.00170303891184573
B134_D_EE_IMG_1133_220511_WB_A3_Vrilles.JPG,27836,4646400,0.005990874655647383
B135_A_EE_IMG_1049_220506_WB_A3_Feuilles.JPG,372827,4631040,0.08050610661967939
B135_A_EE_IMG_1049_220506_WB_A3_Tiges.JPG,0,4631040,0.0
B135_A_EE_IMG_1049_220506_WB_A3_Vrilles.JPG,60485,4631040,0.013060781163626313
B135_B_EE_IMG_1050_220506_WB_A3_Feuilles.JPG,438964,4636160,0.0946826684152402
B135_B_EE_IMG_1050_220506_WB_A3_Tiges.JPG,38743,4636160,0.008356700372722252
B135_B_EE_IMG_1050_220506_WB_A3_Vrilles.JPG,86594,4636160,0.018677957620099394
B141_A_EE_IMG_1274_220523_WB_A2_Feuilles.JPG,351332,4643840,0.07565549200661521
B141_B_EE_IMG_1275_220523_WB_A2_Feuilles.JPG,430383,4633600,0.09288307147790055
B141_B_EE_IMG_1275_220523_WB_A2_Fleurs.JPG,21415,4633600,0.004621676450276243
B141_B_EE_IMG_1275_220523_WB_A2_Vrilles.JPG,77281,4633600,0.016678392610497236
B141_C_EE_IMG_1276_220523_WB_A2_Tiges.JPG,45647,4636160,0.009845863818332414
B141_D_EE_IMG_1277_220523_WB_A2_Feuilles.JPG,394703,4643840,0.08499496106670341
B141_D_EE_IMG_1277_220523_WB_A2_Tiges.JPG,16813,4643840,0.003620495107497244
B141_D_EE_IMG_1277_220523_WB_A2_Vrilles.JPG,56028,4643840,0.012065015159867696
B141_E_EE_IMG_1278_220523_WB_A2_Feuilles.JPG,117237,4628480,0.02532948181692478
B141_E_EE_IMG_1278_220523_WB_A2_Fleurs.JPG,30457,4628480,0.006580346031526549
B141_E_EE_IMG_1278_220523_WB_A2_Tiges.JPG,37502,4628480,0.008102443998893805
B141_E_EE_IMG_1278_220523_WB_A2_Vrilles.JPG,66298,4628480,0.014323924917035399
B141_F_EE_IMG_1279_220523_WB_A2_Feuilles.JPG,255315,4631040,0.05513124481757877
B141_F_EE_IMG_1279_220523_WB_A2_Fleurs.JPG,16042,4628480,0.00346593266039823
B141_F_EE_IMG_1279_220523_WB_A2_Tiges.JPG,27483,4631040,0.0059345201077943615
B141_F_EE_IMG_1279_220523_WB_A2_Vrilles.JPG,76562,4631040,0.016532355583195137
B141_G_EE_IMG_1289_220523_WB_A2_Fleurs.JPG,17349,4646400,0.00373385847107438
B141_G_EE_IMG_1289_220523_WB_A2_Tiges.JPG,21311,4646400,0.004586561639118457
B141_G_EE_IMG_1289_220523_WB_A2_Vrilles.JPG,47712,4646400,0.010268595041322314
B141_H_EE_IMG_1290_220523_WB_A2_Feuilles.JPG,178859,4641280,0.03853656749862107
B141_H_EE_IMG_1290_220523_WB_A2_Fleurs.JPG,15696,4641280,0.003381825703254275
B141_H_EE_IMG_1290_220523_WB_A2_Tiges.JPG,15307,4641280,0.003298012617209046
B141_H_EE_IMG_1290_220523_WB_A2_Vrilles.JPG,46985,4641280,0.010123284955874242
B141_I_EE_IMG_1291_220523_WB_A2_Feuilles.JPG,144529,4633600,0.031191514157458564
B141_I_EE_IMG_1291_220523_WB_A2_Fleurs.JPG,16938,4633600,0.0036554730662983425
B141_I_EE_IMG_1291_220523_WB_A2_Tiges.JPG,13001,4633600,0.0028058097375690608
B141_I_EE_IMG_1291_220523_WB_A2_Vrilles.JPG,49811,4633600,0.010749956837016574
B142_A_EE_IMG_1333_220525_WB_A2_Feuilles.JPG,481289,4656640,0.1033554236531061
B142_A_EE_IMG_1333_220525_WB_A2_Fleurs.JPG,22164,4656640,0.004759655030236394
B142_A_EE_IMG_1333_220525_WB_A2_Vrilles.JPG,112022,4656640,0.024056401181968116
B142_B_EE_IMG_1334_220525_WB_A2_Feuilles.JPG,387363,4643840,0.08341437258820286
B142_B_EE_IMG_1334_220525_WB_A2_Fleurs.JPG,33808,4643840,0.007280181918412348
B142_B_EE_IMG_1334_220525_WB_A2_Tiges.JPG,67172,4643840,0.014464753307607497
B142_B_EE_IMG_1334_220525_WB_A2_Vrilles.JPG,111403,4643840,0.023989413933296583
B142_C_EE_IMG_1335_220525_WB_A2_Feuilles.JPG,529997,4651520,0.11394060436158503
B142_C_EE_IMG_1335_220525_WB_A2_Fleurs.JPG,25339,4651520,0.005447466634562466
B142_C_EE_IMG_1335_220525_WB_A2_Vrilles.JPG,121061,4651520,0.02602611619427628
B142_D_EE_IMG_1336_220525_WB_A2_Feuilles.JPG,446431,4643840,0.09613401839856671
B142_D_EE_IMG_1336_220525_WB_A2_Fleurs.JPG,48961,4643840,0.010543214236493936
B142_D_EE_IMG_1336_220525_WB_A2_Tiges.JPG,41906,4643840,0.009023997381477397
B142_D_EE_IMG_1336_220525_WB_A2_Vrilles.JPG,111198,4643840,0.023945269432194046
B142_E_EE_IMG_1337_220525_WB_A2_Feuilles.JPG,524705,4651520,0.11280291173637864
B142_E_EE_IMG_1337_220525_WB_A2_Fleurs.JPG,43570,4651520,0.009366830627407815
B142_E_EE_IMG_1337_220525_WB_A2_Tiges.JPG,63378,4651520,0.01362522358282884
B142_E_EE_IMG_1337_220525_WB_A2_Vrilles.JPG,163651,4651520,0.03518226300220143
B142_F_EE_IMG_1338_220525_WB_A2_Feuilles.JPG,457631,4646400,0.0984915203168044
B142_F_EE_IMG_1338_220525_WB_A2_Fleurs.JPG,38142,4646400,0.008208935950413223
B142_F_EE_IMG_1338_220525_WB_A2_Tiges.JPG,46479,4646400,0.010003228305785124
B142_F_EE_IMG_1338_220525_WB_A2_Vrilles.JPG,144825,4646400,0.0311692923553719
B142_G_EE_IMG_1339_220525_WB_A2_Feuilles.JPG,470146,4636160,0.10140849323578134
B142_G_EE_IMG_1339_220525_WB_A2_Fleurs.JPG,12722,4636160,0.0027440813086692436
B142_G_EE_IMG_1339_220525_WB_A2_Tiges.JPG,24773,4636160,0.005343430770292656
B142_G_EE_IMG_1339_220525_WB_A2_Vrilles.JPG,100727,4636160,0.02172638562948647
B142_H_EE_IMG_1340_220525_WB_A2_Feuilles.JPG,441412,4638720,0.09515814707505518
B142_H_EE_IMG_1340_220525_WB_A2_Fleurs.JPG,17369,4638720,0.0037443518901766003
B142_H_EE_IMG_1340_220525_WB_A2_Tiges.JPG,18669,4638720,0.00402460161423841
B142_H_EE_IMG_1340_220525_WB_A2_Vrilles.JPG,122724,4638720,0.026456436258278145
B142_I_EE_IMG_1341_220525_WB_A2_Feuilles.JPG,227135,4648960,0.048857163752753306
B142_I_EE_IMG_1341_220525_WB_A2_Fleurs.JPG,16961,4648960,0.0036483428551762113
B142_I_EE_IMG_1341_220525_WB_A2_Tiges.JPG,51115,4648960,0.010994932199889867
B142_I_EE_IMG_1341_220525_WB_A2_Vrilles.JPG,62264,4648960,0.013393102973568282
B143_A_EE_IMG_1293_220523_WB_A2_Feuilles.JPG,441250,4625920,0.09538643123962369
B143_A_EE_IMG_1293_220523_WB_A2_Tiges.JPG,21905,4625920,0.00473527428057554
B143_A_EE_IMG_1293_220523_WB_A2_Vrilles.JPG,93310,4625920,0.020171122717210846
B143_B_EE_IMG_1294_220523_WB_A2_Feuilles.JPG,384810,4625920,0.08318561496956281
B143_B_EE_IMG_1294_220523_WB_A2_Fleurs.JPG,57273,4625920,0.012380888558384063
B143_B_EE_IMG_1294_220523_WB_A2_Tiges.JPG,50792,4625920,0.01097986995019369
B143_B_EE_IMG_1294_220523_WB_A2_Vrilles.JPG,113901,4625920,0.024622345392916436
B143_C_EE_IMG_1295_220523_WB_A2_Feuilles.JPG,407777,4628480,0.08810170941648231
B143_C_EE_IMG_1295_220523_WB_A2_Fleurs.JPG,35299,4628480,0.007626477806969027
B143_C_EE_IMG_1295_220523_WB_A2_Tiges.JPG,36737,4628480,0.00793716295630531
B143_C_EE_IMG_1295_220523_WB_A2_Vrilles.JPG,92505,4628480,0.019986042934181415
B143_D_EE_IMG_1296_220523_WB_A2_Feuilles.JPG,241837,4636160,0.05216321265875207
B143_D_EE_IMG_1296_220523_WB_A2_Fleurs.JPG,34792,4636160,0.007504486471562673
B143_D_EE_IMG_1296_220523_WB_A2_Tiges.JPG,42204,4636160,0.009103223357261181
B143_D_EE_IMG_1296_220523_WB_A2_Vrilles.JPG,88334,4636160,0.019053268221976807
B144_A_EE_IMG_1304_220523_WB_A2_Feuilles.JPG,540547,4631040,0.11672259362907683
B144_A_EE_IMG_1304_220523_WB_A2_Tiges.JPG,42794,4631040,0.009240688916528468
B144_A_EE_IMG_1304_220523_WB_A2_Vrilles.JPG,113283,4631040,0.024461675995024877
B144_B_EE_IMG_1306_220523_WB_A2_Feuilles.JPG,508085,4623360,0.1098951844545958
B144_B_EE_IMG_1306_220523_WB_A2_Fleurs.JPG,51451,4623360,0.011128486641749723
B144_B_EE_IMG_1306_220523_WB_A2_Tiges.JPG,71925,4623360,0.01555686773255814
B144_B_EE_IMG_1306_220523_WB_A2_Vrilles.JPG,114103,4623360,0.024679670196567
B144_C_EE_IMG_1307_220523_WB_A2_Feuilles.JPG,478673,4756480,0.10063597450215285
B144_C_EE_IMG_1307_220523_WB_A2_Fleurs.JPG,43455,4756480,0.009135957682992465
B144_C_EE_IMG_1307_220523_WB_A2_Tiges.JPG,42238,4756480,0.008880096205597416
B144_C_EE_IMG_1307_220523_WB_A2_Vrilles.JPG,84019,4756480,0.017664112957481163
B144_D_EE_IMG_1308_220523_WB_A2_Feuilles.JPG,431629,4620800,0.09341001558171745
B144_D_EE_IMG_1308_220523_WB_A2_Fleurs.JPG,42816,4620800,0.009265927977839336
B144_D_EE_IMG_1308_220523_WB_A2_Tiges.JPG,51425,4620800,0.011129025277008311
B144_D_EE_IMG_1308_220523_WB_A2_Vrilles.JPG,138208,4620800,0.029909972299168974
B144_E_EE_IMG_1310_220523_WB_A2_Feuilles.JPG,225202,4633600,0.048601950966850826
B144_E_EE_IMG_1310_220523_WB_A2_Fleurs.JPG,36073,4633600,0.007785091505524862
B144_E_EE_IMG_1310_220523_WB_A2_Tiges.JPG,37021,4633600,0.007989684046961326
B144_E_EE_IMG_1310_220523_WB_A2_Vrilles.JPG,149475,4633600,0.03225893473756906
B144_F_EE_IMG_1311_220523_WB_A2_Feuilles.JPG,340396,4631040,0.07350314400221117
B144_F_EE_IMG_1311_220523_WB_A2_Fleurs.JPG,47065,4631040,0.010162943960751796
B144_F_EE_IMG_1311_220523_WB_A2_Tiges.JPG,46607,4631040,0.010064046088999447
B144_F_EE_IMG_1311_220523_WB_A2_Vrilles.JPG,82698,4631040,0.017857327943615258
B145_A_EE_IMG_1263_220520_WB_A2_Feuilles.JPG,502851,4631040,0.10858273735489221
B145_A_EE_IMG_1263_220520_WB_A2_Fleurs.JPG,14775,4631040,0.0031904280679933665
B145_A_EE_IMG_1263_220520_WB_A2_Tiges.JPG,45288,4631040,0.009779228855721392
B145_A_EE_IMG_1263_220520_WB_A2_Vrilles.JPG,133296,4631040,0.028783167495854065
B145_B_EE_IMG_1265_220520_WB_A2_Feuilles.JPG,641875,4631040,0.13860277605030402
B145_B_EE_IMG_1265_220520_WB_A2_Fleurs.JPG,13872,4631040,0.0029954394693200662
B145_B_EE_IMG_1265_220520_WB_A2_Tiges.JPG,764850,4631040,0.16515728648424544
B145_B_EE_IMG_1265_220520_WB_A2_Vrilles.JPG,135139,4631040,0.02918113425925926
B145_C_EE_IMG_1266_220520_WB_A2_Feuilles.JPG,585373,4631040,0.12640206087617467
B145_C_EE_IMG_1266_220520_WB_A2_Fleurs.JPG,36332,4631040,0.007845322001105583
B145_C_EE_IMG_1266_220520_WB_A2_Tiges.JPG,65279,4631040,0.014095969803758983
B145_C_EE_IMG_1266_220520_WB_A2_Vrilles.JPG,114117,4631040,0.024641765132669982
B145_D_EE_IMG_1267_220520_WB_A2_Feuilles.JPG,547431,4628480,0.1182744659153761
B145_D_EE_IMG_1267_220520_WB_A2_Fleurs.JPG,34509,4628480,0.0074557954231194695
B145_D_EE_IMG_1267_220520_WB_A2_Tiges.JPG,46553,4628480,0.010057945589048673
B145_D_EE_IMG_1267_220520_WB_A2_Vrilles.JPG,159772,4628480,0.034519323838495576
B145_E_EE_IMG_1268_220520_WB_A2_Feuilles.JPG,439388,4636160,0.09477412341247929
B145_E_EE_IMG_1268_220520_WB_A2_Fleurs.JPG,24727,4636160,0.005333508765875207
B145_E_EE_IMG_1268_220520_WB_A2_Tiges.JPG,24533,4636160,0.005291663790723357
B145_E_EE_IMG_1268_220520_WB_A2_Vrilles.JPG,108298,4636160,0.02335941813914964
B211_EE_IMG_0957_220414_WB_A4_Feuilles.JPG,186295,4636160,0.040183039411927114
B211_EE_IMG_0957_220414_WB_A4_Tiges.JPG,11494,4636160,0.0024792069298729983
B211_EE_IMG_0957_220414_WB_A4_Vrilles.JPG,36966,4636160,0.007973409028161236
B212_EE_IMG_0958_220414_WB_A4_Feuilles.JPG,198443,4628480,0.042874334554756637
B212_EE_IMG_0958_220414_WB_A4_Tiges.JPG,14678,4628480,0.00317123548119469
B212_EE_IMG_0958_220414_WB_A4_Vrilles.JPG,46364,4628480,0.010017111449115044
B213_EE_IMG_0959_220414_WB_A4_Feuilles.JPG,186720,4636160,0.04027471010491441
B213_EE_IMG_0959_220414_WB_A4_Tiges.JPG,9800,4636160,0.0021138183324130315
B213_EE_IMG_0959_220414_WB_A4_Vrilles.JPG,33178,4636160,0.007156353533959139
B214_EE_IMG_0960_220414_WB_A4_Feuilles.JPG,169826,4628480,0.03669152724004425
B214_EE_IMG_0960_220414_WB_A4_Tiges.JPG,13727,4628480,0.0029657684596238938
B214_EE_IMG_0960_220414_WB_A4_Vrilles.JPG,33718,4628480,0.007284896985619469
B215_EE_IMG_0961_220414_WB_A4_Feuilles.JPG,177435,4633600,0.038293119820441986
B215_EE_IMG_0961_220414_WB_A4_Tiges.JPG,12423,4633600,0.0026810687154696132
B215_EE_IMG_0961_220414_WB_A4_Vrilles.JPG,40491,4633600,0.008738561809392266
B221_EE_IMG_0974_220425_WB_A3_Feuilles.JPG,328427,4631040,0.07091862734936429
B221_EE_IMG_0974_220425_WB_A3_Tiges.JPG,24400,4631040,0.005268794914317303
B221_EE_IMG_0974_220425_WB_A3_Vrilles.JPG,47451,4631040,0.010246294568822555
B222_EE_IMG_0973_220425_WB_A3_Feuilles.JPG,234359,4631040,0.05060612734936429
B222_EE_IMG_0973_220425_WB_A3_Tiges.JPG,14729,4631040,0.0031804950939745714
B222_EE_IMG_0973_220425_WB_A3_Vrilles.JPG,59112,4631040,0.012764303482587065
B223_EE_IMG_0971_220425_WB_A3 _Vrilles.JPG,35550,4628480,0.007680707273230089
B223_EE_IMG_0971_220425_WB_A3_Feuilles.JPG,222062,4628480,0.04797730572455752
B223_EE_IMG_0971_220425_WB_A3_Tiges.JPG,13184,4628480,0.0028484513274336285
B224_EE_IMG_0970_220425_WB_A3_Feuilles.JPG,211864,4628480,0.04577399059734513
B224_EE_IMG_0970_220425_WB_A3_Tiges.JPG,16525,4628480,0.003570286573561947
B224_EE_IMG_0970_220425_WB_A3_Vrilles.JPG,37541,4628480,0.008110870091261062
B225_EE_IMG_0969_220425_WB_A3_Feuilles.JPG,264647,4636160,0.0570832326753175
B225_EE_IMG_0969_220425_WB_A3_Tiges.JPG,17122,4636160,0.0036931426007730537
B225_EE_IMG_0969_220425_WB_A3_Vrilles.JPG,54477,4636160,0.011750457274986196
B231_A_EE_IMG_1045_220506_WB_A3_Feuilles.JPG,380980,4633600,0.08222116712707182
B231_A_EE_IMG_1045_220506_WB_A3_Tiges.JPG,2508,4633600,0.0005412638121546961
B231_A_EE_IMG_1045_220506_WB_A3_Vrilles.JPG,51919,4633600,0.011204894682320441
B231_B_EE_IMG_1046_220506_WB_A3_Feuilles.JPG,389036,4623360,0.08414572951273533
B231_B_EE_IMG_1046_220506_WB_A3_Tiges.JPG,5984,4623360,0.001294296788482835
B231_B_EE_IMG_1046_220506_WB_A3_Vrilles.JPG,68743,4623360,0.014868623684939093
B231_C_EE_IMG_1047_220506_WB_A3_Feuilles.JPG,134243,4631040,0.028987657200110557
B231_C_EE_IMG_1047_220506_WB_A3_Tiges.JPG,10465,4631040,0.002259751589275843
B231_C_EE_IMG_1047_220506_WB_A3_Vrilles.JPG,13117,4631040,0.00283240913488115
B232_A_EE_IMG_1090_220509_WB_A3_Feuilles.JPG,302997,4628480,0.06546360792311946
B232_A_EE_IMG_1090_220509_WB_A3_Tiges.JPG,0,4628480,0.0
B232_A_EE_IMG_1090_220509_WB_A3_Vrilles.JPG,41013,4628480,0.008861008365597346
B232_B_EE_IMG_1091_220509_WB_A3_Feuilles.JPG,390910,4651520,0.08403919578976335
B232_B_EE_IMG_1091_220509_WB_A3_Tiges.JPG,27015,4651520,0.005807778962575674
B232_B_EE_IMG_1091_220509_WB_A3_Vrilles.JPG,125214,4651520,0.026918942625206384
B232_C_EE_IMG_1092_220509_WB_A3_Feuilles.JPG,317983,4633600,0.06862547479281768
B232_C_EE_IMG_1092_220509_WB_A3_Tiges.JPG,10194,4633600,0.00220001726519337
B232_C_EE_IMG_1092_220509_WB_A3_Vrilles.JPG,36340,4633600,0.00784271408839779
B233_A_EE_IMG_1156_220513_WB_A3_Feuilles.JPG,471002,4651520,0.10125765341221794
B233_A_EE_IMG_1156_220513_WB_A3_Tiges.JPG,24065,4651520,0.005173577669235003
B233_A_EE_IMG_1156_220513_WB_A3_Vrilles.JPG,106056,4651520,0.022800288937809575
B233_B_EE_IMG_1157_220513_WB_A3_Feuilles.JPG,222846,4643840,0.047987441427783904
B233_B_EE_IMG_1157_220513_WB_A3_Tiges.JPG,17474,4643840,0.0037628342061742006
B233_B_EE_IMG_1157_220513_WB_A3_Vrilles.JPG,33072,4643840,0.007121692392502757
B234_A_EE_IMG_1086_220509_WB_A3_Feuilles.JPG,374652,4643840,0.08067719818081588
B234_A_EE_IMG_1086_220509_WB_A3_Fleurs.JPG,1751,4643840,0.0003770586411245866
B234_A_EE_IMG_1086_220509_WB_A3_Tiges.JPG,8537,4643840,0.0018383492971334068
B234_A_EE_IMG_1086_220509_WB_A3_Vrilles.JPG,41258,4643840,0.008884457690187432
B234_B_EE_IMG_1088_220509_WB_A3_Feuilles.JPG,329405,4636160,0.07105125793760353
B234_B_EE_IMG_1088_220509_WB_A3_Tiges.JPG,21565,4636160,0.004651478810049696
B234_B_EE_IMG_1088_220509_WB_A3_Vrilles.JPG,66821,4636160,0.014413005590833793
B234_C_EE_IMG_1089_220509_WB_A3_Feuilles.JPG,485595,4636160,0.10474077684980673
B234_C_EE_IMG_1089_220509_WB_A3_Tiges.JPG,23078,4636160,0.004977826477084483
B234_C_EE_IMG_1089_220509_WB_A3_Vrilles.JPG,103533,4636160,0.022331627898950854
B235_A_EE_IMG_1117_220510_WB_A3_Feuilles.JPG,379898,4628480,0.08207834969579646
B235_A_EE_IMG_1117_220510_WB_A3_Tiges.JPG,52,4628480,1.123478982300885e-05
B235_A_EE_IMG_1117_220510_WB_A3_Vrilles.JPG,29445,4628480,0.006361699737278761
B235_B_EE_IMG_1118_220510_WB_A3_Feuilles.JPG,284735,4641280,0.061348378033645894
B235_B_EE_IMG_1118_220510_WB_A3_Tiges.JPG,13292,4641280,0.002863865140650855
B235_B_EE_IMG_1118_220510_WB_A3_Vrilles.JPG,50308,4641280,0.010839251241036955
B235_C_EE_IMG_1119_220510_WB_A3_Feuilles.JPG,230891,4628480,0.04988484340431416
B235_C_EE_IMG_1119_220510_WB_A3_Tiges.JPG,844,4628480,0.00018234928097345132
B235_C_EE_IMG_1119_220510_WB_A3_Vrilles.JPG,29937,4628480,0.00646799813329646
B235_D_EE_IMG_1120_220510_WB_A3_Feuilles.JPG,200888,4636160,0.04333068746548868
B235_D_EE_IMG_1120_220510_WB_A3_Tiges.JPG,8531,4636160,0.0018401004279403645
B235_D_EE_IMG_1120_220510_WB_A3_Vrilles.JPG,45825,4636160,0.009884257661512977
B235_E_EE_IMG_1121_220510_WB_A3_Feuilles.JPG,379830,4641280,0.08183733797573084
B235_E_EE_IMG_1121_220510_WB_A3_Tiges.JPG,15394,4641280,0.003316757446221732
B235_E_EE_IMG_1121_220510_WB_A3_Vrilles.JPG,66710,4641280,0.014373190154440154
B235_F_EE_IMG_1122_220510_WB_A3_Feuilles.JPG,315496,4633600,0.06808874309392265
B235_F_EE_IMG_1122_220510_WB_A3_Tiges.JPG,7690,4633600,0.0016596167127071824
B235_F_EE_IMG_1122_220510_WB_A3_Vrilles.JPG,43824,4633600,0.009457872928176795
B235_G_EE_IMG_1123_220510_WB_A3_Feuilles.JPG,53510,4641280,0.011529147131825703
B235_G_EE_IMG_1123_220510_WB_A3_Tiges.JPG,1610,4641280,0.00034688706563706565
B235_G_EE_IMG_1123_220510_WB_A3_Vrilles.JPG,10628,4641280,0.00228988554881412
B241_A_EE_IMG_1260_220520_WB_A2_Feuilles.JPG,612756,4628480,0.13238817063053096
B241_A_EE_IMG_1260_220520_WB_A2_Fleurs.JPG,27433,4628480,0.005926999792588495
B241_A_EE_IMG_1260_220520_WB_A2_Tiges.JPG,17608,4628480,0.0038042726769911502
B241_A_EE_IMG_1260_220520_WB_A2_Vrilles.JPG,99559,4628480,0.021510085384402654
B241_B_EE_IMG_1261_220520_WB_A2_Feuilles.JPG,490640,4633600,0.10588743093922652
B241_B_EE_IMG_1261_220520_WB_A2_Fleurs.JPG,25509,4633600,0.005505222720994475
B241_B_EE_IMG_1261_220520_WB_A2_Tiges.JPG,50194,4633600,0.010832613950276243
B241_B_EE_IMG_1261_220520_WB_A2_Vrilles.JPG,97831,4633600,0.021113389157458563
B241_C_EE_IMG_1262_220520_WB_A2_Feuilles.JPG,613017,4631040,0.13237134639303483
B241_C_EE_IMG_1262_220520_WB_A2_Fleurs.JPG,30141,4631040,0.006508473258706468
B241_C_EE_IMG_1262_220520_WB_A2_Tiges.JPG,34583,4631040,0.0074676530541735765
B241_C_EE_IMG_1262_220520_WB_A2_Vrilles.JPG,104835,4631040,0.02263746372305141
B242_A_EE_IMG_1169_220518_WB_A3_Feuilles.JPG,362815,4631040,0.07834417323106689
B242_A_EE_IMG_1169_220518_WB_A3_Tiges.JPG,1406,4631040,0.00030360351022664457
B242_A_EE_IMG_1169_220518_WB_A3_Vrilles.JPG,42932,4631040,0.009270487838584853
B242_B_EE_IMG_1170_220518_WB_A3_Feuilles.JPG,409822,4631040,0.08849459300718629
B242_B_EE_IMG_1170_220518_WB_A3_Tiges.JPG,3636,4631040,0.0007851368159203981
B242_B_EE_IMG_1170_220518_WB_A3_Vrilles.JPG,84334,4631040,0.018210596323935877
B242_C_EE_IMG_1171_220518_WB_A3_Feuilles.JPG,335118,4628480,0.0724034672289823
B242_C_EE_IMG_1171_220518_WB_A3_Tiges.JPG,310359,4628480,0.06705419489767699
B242_C_EE_IMG_1171_220518_WB_A3_Vrilles.JPG,103545,4628480,0.022371275235066372
B242_D_EE_IMG_1172_220518_WB_A3_Feuilles.JPG,268037,4636160,0.05781444126173385
B242_D_EE_IMG_1172_220518_WB_A3_Tiges.JPG,84268,4636160,0.018176249309773605
B242_D_EE_IMG_1172_220518_WB_A3_Vrilles.JPG,84009,4636160,0.018120384110988406
B242_E_EE_IMG_1173_220518_WB_A3_Feuilles.JPG,405453,4625920,0.08764807865246264
B242_E_EE_IMG_1173_220518_WB_A3_Tiges.JPG,20587,4625920,0.0044503579828444936
B242_E_EE_IMG_1173_220518_WB_A3_Vrilles.JPG,52403,4625920,0.011328125
B242_F_EE_IMG_1174_220518_WB_A3_Feuilles.JPG,431678,4631040,0.09321405127142067
B242_F_EE_IMG_1174_220518_WB_A3_Tiges.JPG,19391,4631040,0.004187180417357656
B242_F_EE_IMG_1174_220518_WB_A3_Vrilles.JPG,57373,4631040,0.012388793877833057
B242_G_EE_IMG_1175_220518_WB_A3_Feuilles.JPG,332700,4636160,0.07176197542794037
B242_G_EE_IMG_1175_220518_WB_A3_Tiges.JPG,10910,4636160,0.002353240612921038
B242_G_EE_IMG_1175_220518_WB_A3_Vrilles.JPG,50833,4636160,0.010964461968525676
B242_H_EE_IMG_1176_220518_WB_A3_Feuilles.JPG,428033,4625920,0.09252926985334808
B242_H_EE_IMG_1176_220518_WB_A3_Fleurs.JPG,27002,4625920,0.005837109158826785
B242_H_EE_IMG_1176_220518_WB_A3_Tiges.JPG,20,4625920,4.323464305478694e-06
B242_H_EE_IMG_1176_220518_WB_A3_Vrilles.JPG,130824,4625920,0.028280644714997232
B242_I_EE_IMG_1177_220518_WB_A3_Feuilles.JPG,94136,4631040,0.020327183526810393
B242_I_EE_IMG_1177_220518_WB_A3_Fleurs.JPG,19631,4631040,0.00423900462962963
B242_I_EE_IMG_1177_220518_WB_A3_Tiges.JPG,72967,4631040,0.015756072070204533
B242_I_EE_IMG_1177_220518_WB_A3_Vrilles.JPG,9166,4631040,0.0019792530403537865
B242_J_EE_IMG_1178_220518_WB_A3_Feuilles.JPG,407819,4628480,0.08811078366980088
B242_J_EE_IMG_1178_220518_WB_A3_Fleurs.JPG,8885,4628480,0.001919636684181416
B242_J_EE_IMG_1178_220518_WB_A3_Tiges.JPG,18843,4628480,0.004071098935287611
B242_J_EE_IMG_1178_220518_WB_A3_Vrilles.JPG,67311,4628480,0.014542787264933629
B242_K_EE_IMG_1179_220518_WB_A3_Feuilles.JPG,423964,4633600,0.09149775552486188
B242_K_EE_IMG_1179_220518_WB_A3_Tiges.JPG,206,4633600,4.4457872928176796e-05
B242_K_EE_IMG_1179_220518_WB_A3_Vrilles.JPG,121074,4633600,0.026129575276243093
B242_L_EE_IMG_1180_220518_WB_A3_Feuilles.JPG,266831,4631040,0.0576179432697623
B242_L_EE_IMG_1180_220518_WB_A3_Fleurs.JPG,27103,4631040,0.005852465105030404
B242_L_EE_IMG_1180_220518_WB_A3_Tiges.JPG,50639,4631040,0.010934692855168602
B242_L_EE_IMG_1180_220518_WB_A3_Vrilles.JPG,57329,4631040,0.012379292772249861
B243_A_EE_IMG_1269_220520_WB_A2_Feuilles.JPG,509191,4638720,0.10976972095750552
B243_A_EE_IMG_1269_220520_WB_A2_Fleurs.JPG,43198,4638720,0.009312482753863136
B243_A_EE_IMG_1269_220520_WB_A2_Tiges.JPG,15828,4638720,0.003412148178807947
B243_A_EE_IMG_1269_220520_WB_A2_Vrilles.JPG,115471,4638720,0.02489285837472406
B243_B_EE_IMG_1270_220520_WB_A2_Feuilles.JPG,589500,4636160,0.12715264356709
B243_B_EE_IMG_1270_220520_WB_A2_Fleurs.JPG,52621,4636160,0.011350125966316953
B243_B_EE_IMG_1270_220520_WB_A2_Tiges.JPG,107433,4636160,0.02317284131695196
B243_B_EE_IMG_1270_220520_WB_A2_Vrilles.JPG,125853,4636160,0.02714595699889564
B243_C_EE_IMG_1271_220520_WB_A2_Feuilles.JPG,551310,4631040,0.11904669361525705
B243_C_EE_IMG_1271_220520_WB_A2_Fleurs.JPG,44595,4631040,0.009629586442786069
B243_C_EE_IMG_1271_220520_WB_A2_Tiges.JPG,69397,4631040,0.014985186912658927
B243_C_EE_IMG_1271_220520_WB_A2_Vrilles.JPG,125947,4631040,0.027196266929242676
B243_D_EE_IMG_1272_220520_WB_A2_Feuilles.JPG,409808,4623360,0.08863856589147287
B243_D_EE_IMG_1272_220520_WB_A2_Fleurs.JPG,24529,4623360,0.005305448851052049
B243_D_EE_IMG_1272_220520_WB_A2_Tiges.JPG,43872,4623360,0.009489202657807309
B243_D_EE_IMG_1272_220520_WB_A2_Vrilles.JPG,85782,4623360,0.01855403862126246
B244_A_EE_IMG_1221_220518_WB_A3_Feuilles.JPG,633212,4633600,0.1366565953038674
B244_A_EE_IMG_1221_220518_WB_A3_Tiges.JPG,2578,4633600,0.0005563708563535912
B244_A_EE_IMG_1221_220518_WB_A3_Vrilles.JPG,87701,4633600,0.018927184046961327
B244_B_EE_IMG_1222_220518_WB_A3_Feuilles.JPG,648173,4636160,0.1398081602015461
B244_B_EE_IMG_1222_220518_WB_A3_Fleurs.JPG,17998,4636160,0.003882092076200994
B244_B_EE_IMG_1222_220518_WB_A3_Tiges.JPG,56641,4636160,0.012217222874102705
B244_B_EE_IMG_1222_220518_WB_A3_Vrilles.JPG,113135,4636160,0.024402738473219217
B244_C_EE_IMG_1223_220518_WB_A3_Feuilles.JPG,425027,4631040,0.0917778727888336
B244_C_EE_IMG_1223_220518_WB_A3_Fleurs.JPG,6349,4631040,0.001370966348811498
B244_C_EE_IMG_1223_220518_WB_A3_Tiges.JPG,15970,4631040,0.0034484694582642343
B244_C_EE_IMG_1223_220518_WB_A3_Vrilles.JPG,55266,4631040,0.01193382048092869
B244_D_EE_IMG_1224_220518_WB_A3_Feuilles.JPG,657610,4620800,0.14231518351800554
B244_D_EE_IMG_1224_220518_WB_A3_Fleurs.JPG,14179,4620800,0.003068516274238227
B244_D_EE_IMG_1224_220518_WB_A3_Tiges.JPG,25891,4620800,0.005603142313019391
B244_D_EE_IMG_1224_220518_WB_A3_Vrilles.JPG,97821,4620800,0.021169710872576176
B244_E_EE_IMG_1225_220518_WB_A3_Feuilles.JPG,743957,4664320,0.15949956263721185
B244_E_EE_IMG_1225_220518_WB_A3_Fleurs.JPG,47259,4664320,0.01013202353183315
B244_E_EE_IMG_1225_220518_WB_A3_Tiges.JPG,46405,4664320,0.009948931462678376
B244_E_EE_IMG_1225_220518_WB_A3_Vrilles.JPG,180636,4664320,0.038727188529088914
B245_A_EE_IMG_1297_220523_WB_A2_Feuilles.JPG,477667,4648960,0.10274706601046256
B245_A_EE_IMG_1297_220523_WB_A2_Vrilles.JPG,89607,4648960,0.01927463346640969
B245_B_EE_IMG_1298_220523_WB_A2_Feuilles.JPG,443013,4631040,0.09566166563018243
B245_B_EE_IMG_1298_220523_WB_A2_Fleurs.JPG,46422,4631040,0.010024098258706468
B245_B_EE_IMG_1298_220523_WB_A2_Tiges.JPG,49155,4631040,0.010614246475953566
B245_B_EE_IMG_1298_220523_WB_A2_Vrilles.JPG,93019,4631040,0.020085985005527916
B245_C_EE_IMG_1299_220523_WB_A2_Feuilles.JPG,421702,4638720,0.09090913010485652
B245_C_EE_IMG_1299_220523_WB_A2_Fleurs.JPG,24862,4638720,0.005359668184326711
B245_C_EE_IMG_1299_220523_WB_A2_Tiges.JPG,36395,4638720,0.0078459143901766
B245_C_EE_IMG_1299_220523_WB_A2_Vrilles.JPG,58845,4638720,0.012685611548013245
B245_D_EE_IMG_1300_220523_WB_A2_Feuilles.JPG,462931,4631040,0.09996264338032063
B245_D_EE_IMG_1300_220523_WB_A2_Tiges.JPG,54903,4631040,0.01185543635986733
B245_D_EE_IMG_1300_220523_WB_A2_Vrilles.JPG,102372,4631040,0.02210561774461028
B245_D_EE_IMG_1300_220523_WB_A_Fleurs.JPG,31712,4631040,0.006847705914870094
B245_E_EE_IMG_1301_220523_WB_A2_Feuilles.JPG,504513,4628480,0.10900187534568584
B245_E_EE_IMG_1301_220523_WB_A2_Fleurs.JPG,44047,4628480,0.009516515141039824
B245_E_EE_IMG_1301_220523_WB_A2_Tiges.JPG,52985,4628480,0.011447602668694691
B245_E_EE_IMG_1301_220523_WB_A2_Vrilles.JPG,88148,4628480,0.01904469717920354
B245_F_EE_IMG_1302_220523_WB_A2_Feuilles.JPG,459143,4636160,0.0990351929182772
B245_F_EE_IMG_1302_220523_WB_A2_Fleurs.JPG,29731,4636160,0.006412850289895086
B245_F_EE_IMG_1302_220523_WB_A2_Tiges.JPG,28478,4636160,0.006142583517393705
B245_F_EE_IMG_1302_220523_WB_A2_Vrilles.JPG,70907,4636160,0.015294338418001104
B245_G_EE_IMG_1303_220523_WB_A2_Feuilles.JPG,507364,4636160,0.10943625759249034
B245_G_EE_IMG_1303_220523_WB_A2_Fleurs.JPG,23692,4636160,0.005110263666482606
B245_G_EE_IMG_1303_220523_WB_A2_Tiges.JPG,51528,4636160,0.011114370513528437
B245_G_EE_IMG_1303_220523_WB_A2_Vrilles.JPG,80094,4636160,0.01727593525676422
T111_EE_IMG_0962_220419_WB_A4_Feuilles.JPG,205210,4631040,0.04431186083471531
T111_EE_IMG_0962_220419_WB_A4_Vrilles.JPG,39300,4631040,0.008486214759535655
T112_2_IMG_1083_220509_WB_A3_Feuilles.JPG,110775,4636160,0.023893696507454446
T112_2_IMG_1083_220509_WB_A3_Tiges.JPG,523,4636160,0.00011280887631143015
T112_2_IMG_1083_220509_WB_A3_Vrilles.JPG,17982,4636160,0.0038786409442297075
T112_EE_IMG_0978_220427_WB_A4 _Feuilles.JPG,99842,4631040,0.02155930417357656
T112_EE_IMG_0978_220427_WB_A4 _Tiges.JPG,6338,4631040,0.0013685910724156993
T112_EE_IMG_0978_220427_WB_A4 _Vrilles.JPG,14449,4631040,0.0031200335129906026
T113_2_EE_IMG_1125_220511_WB_A3_Feuilles.JPG,142977,4638720,0.030822511382450332
T113_2_EE_IMG_1125_220511_WB_A3_Tiges.JPG,140482,4638720,0.030284647488962473
T113_2_EE_IMG_1125_220511_WB_A3_Vrilles.JPG,140482,4638720,0.030284647488962473
T113_EE_IMG_1038 _220504_WB_A4 _Feuilles.JPG,137298,4633600,0.02963095649171271
T113_EE_IMG_1038 _220504_WB_A4 _Tiges.JPG,2071,4633600,0.0004469526933701657
T113_EE_IMG_1038 _220504_WB_A4 _Vrilles.JPG,8471,4633600,0.0018281681629834254
T114_2_EE_IMG_1124_220511_WB_A3_Feuilles.JPG,121627,4654080,0.026133414122662266
T114_2_EE_IMG_1124_220511_WB_A3_Tiges.JPG,11438,4654080,0.002457628575357536
T114_2_EE_IMG_1124_220511_WB_A3_Vrilles.JPG,29139,4654080,0.006260958127062706
T114_2_IMG_1084_220509_WB_A3_Feuilles.JPG,92507,4633600,0.019964390538674034
T114_2_IMG_1084_220509_WB_A3_Tiges.JPG,7506,4633600,0.0016199067679558011
T114_2_IMG_1084_220509_WB_A3_Vrilles.JPG,18050,4633600,0.0038954592541436462
T114_EE_IMG_0982_220429_WB_A4 _Feuilles.JPG,283738,4633600,0.061234892955801104
T114_EE_IMG_0982_220429_WB_A4 _Tiges.JPG,39848,4633600,0.008599792817679558
T114_EE_IMG_0982_220429_WB_A4 _Vrilles.JPG,35303,4633600,0.007618914019337016
T115_IMG_1112_220510_WB_A3_Feuilles.JPG,67549,4638720,0.014561991238962473
T115_IMG_1112_220510_WB_A3_Tiges.JPG,5222,4638720,0.0011257415838852097
T115_IMG_1112_220510_WB_A3_Vrilles.JPG,12417,4638720,0.0026768160182119205
T116_EE_IMG_0985_220429_WB_A4 _Feuilles.JPG,56784,4633600,0.012254834254143646
T116_EE_IMG_0985_220429_WB_A4 _Tiges.JPG,5183,4633600,0.0011185687154696134
T116_EE_IMG_0985_220429_WB_A4_Vrilles.JPG,4169,4633600,0.0008997323895027624
T121_EE_IMG_0988_220502_WB_A3 _Feuilles.JPG,290454,4625920,0.06278837506917542
T121_EE_IMG_0988_220502_WB_A3 _Tiges.JPG,17150,4625920,0.00370737064194798
T121_EE_IMG_0988_220502_WB_A3 _Vrilles.JPG,41363,4625920,0.00894157270337576
T122_EE_IMG_0987_220502_WB_A3 _Feuilles.JPG,248506,4623360,0.05375008651716501
T122_EE_IMG_0987_220502_WB_A3 _Tiges.JPG,4089,4623360,0.000884421719269103
T122_EE_IMG_0987_220502_WB_A3 _Vrilles.JPG,13957,4623360,0.0030188001799557034
T123_2_EE_IMG_1273_220523_WB_A2_Feuilles.JPG,121184,4633600,0.026153314917127073
T123_2_EE_IMG_1273_220523_WB_A2_Tiges.JPG,20732,4633600,0.0044742748618784535
T123_2_EE_IMG_1273_220523_WB_A2_Vrilles.JPG,31392,4633600,0.006774861878453039
T123_EE_IMG_1085_220509_WB_A3_Feuilles.JPG,217821,4648960,0.046853704914647576
T123_EE_IMG_1085_220509_WB_A3_Tiges.JPG,5670,4648960,0.0012196276156387666
T123_EE_IMG_1085_220509_WB_A3_Vrilles.JPG,24484,4648960,0.005266554240088105
T124_EE_IMG_0990_220502_WB_A3 _Feuilles.JPG,204372,4623360,0.04420421511627907
T124_EE_IMG_0990_220502_WB_A3 _Tiges.JPG,7392,4623360,0.0015988372093023256
T124_EE_IMG_0990_220502_WB_A3 _Vrilles.JPG,31593,4623360,0.006833341985049834
T125_EE_IMG_0986_220502_WB_A3 _Feuilles.JPG,279417,4646400,0.06013623450413223
T125_EE_IMG_0986_220502_WB_A3 _Tiges.JPG,15406,4646400,0.003315685261707989
T125_EE_IMG_0986_220502_WB_A3 _Vrilles.JPG,51444,4646400,0.011071797520661158
T131_EE_IMG_1165_220516_WB_A3_Feuilles.JPG,305454,4638720,0.06584876862582781
T131_EE_IMG_1165_220516_WB_A3_Tiges.JPG,22460,4638720,0.004841852924944812
T131_EE_IMG_1165_220516_WB_A3_Vrilles.JPG,59302,4638720,0.012784130104856512
T132_A_EE_IMG_1115_220510_WB_A3_Feuilles.JPG,431785,4638720,0.09308279008002207
T132_A_EE_IMG_1115_220510_WB_A3_Tiges.JPG,246,4638720,5.3031870860927155e-05
T132_A_EE_IMG_1115_220510_WB_A3_Vrilles.JPG,88927,4638720,0.019170590162803532
T132_B_EE_IMG_1116_220510_WB_A3_Feuilles.JPG,150170,4633600,0.032408926104972376
T132_B_EE_IMG_1116_220510_WB_A3_Tiges.JPG,35546,4633600,0.007671357044198895
T132_B_EE_IMG_1116_220510_WB_A3_Vrilles.JPG,37257,4633600,0.008040616367403315
T133_2_EE_IMG_1344_220525_WB_A3_Feuilles.JPG,337645,4646400,0.07266808712121212
T133_2_EE_IMG_1344_220525_WB_A3_Tiges.JPG,19908,4646400,0.004284607438016529
T133_2_EE_IMG_1344_220525_WB_A3_Vrilles.JPG,48586,4646400,0.010456697658402203
T133_EE_IMG_1161_220516_WB_A3_Feuilles.JPG,552333,4623360,0.1194657132475083
T133_EE_IMG_1161_220516_WB_A3_Tiges.JPG,10932,4623360,0.0023645141196013287
T133_EE_IMG_1161_220516_WB_A3_Vrilles.JPG,90994,4623360,0.019681357281284607
T134_E_EE_IMG_1128_220511_WB_A3_Feuilles.JPG,235520,4638720,0.05077262693156733
T134_E_EE_IMG_1128_220511_WB_A3_Tiges.JPG,3106,4638720,0.0006695812637969095
T134_E_EE_IMG_1128_220511_WB_A3_Vrilles.JPG,40682,4638720,0.008770091749448124
T134_F_EE_IMG_1129_220511_WB_A3_Feuilles.JPG,159764,4631040,0.034498514372581536
T134_F_EE_IMG_1129_220511_WB_A3_Tiges.JPG,26751,4631040,0.005776456260364843
T134_F_EE_IMG_1129_220511_WB_A3_Vrilles.JPG,54014,4631040,0.011663470840243228
T135_A_EE_IMG_1126_220511_WB_A3_Feuilles.JPG,343030,4643840,0.0738677473814774
T135_A_EE_IMG_1126_220511_WB_A3_Tiges.JPG,2011,4643840,0.00043304678886438807
T135_A_EE_IMG_1126_220511_WB_A3_Vrilles.JPG,55680,4643840,0.011990077177508269
T135_B_EE_IMG_1127_220511_WB_A3_Feuilles.JPG,260572,4631040,0.05626641100055279
T135_B_EE_IMG_1127_220511_WB_A3_Tiges.JPG,44007,4631040,0.009502617122719735
T135_B_EE_IMG_1127_220511_WB_A3_Vrilles.JPG,75807,4631040,0.016369325248756218
T141_A_EE_IMG_1378_220530_WB_A2_Feuilles.JPG,560095,4692480,0.11936012513638844
T141_A_EE_IMG_1378_220530_WB_A2_Vrilles.JPG,117707,4692480,0.02508417723677032
T141_B_EE_IMG_1379_220530_WB_A2_Feuilles.JPG,642655,4628480,0.13884795872511063
T141_B_EE_IMG_1379_220530_WB_A2_Vrilles.JPG,168453,4628480,0.03639488557798672
T141_C_EE_IMG_1380_220530_WB_A2_Feuilles.JPG,310020,4623360,0.06705512873754153
T141_C_EE_IMG_1380_220530_WB_A2_Fleurs.JPG,47686,4623360,0.010314143826135104
T141_C_EE_IMG_1380_220530_WB_A2_Tiges.JPG,108849,4623360,0.02354326723421927
T141_C_EE_IMG_1380_220530_WB_A2_Vrilles.JPG,53636,4623360,0.01160108665559247
T142_A_EE_IMG_1381_220530_WB_A2_Feuilles.JPG,330664,4633600,0.07136222375690608
T142_A_EE_IMG_1381_220530_WB_A2_Fleurs.JPG,21330,4633600,0.004603332182320442
T142_A_EE_IMG_1381_220530_WB_A2_Tiges.JPG,17582,4633600,0.003794457872928177
T142_A_EE_IMG_1381_220530_WB_A2_Vrilles.JPG,68889,4633600,0.01486727382596685
T142_B_EE_IMG_1382_220530_WB_A2_Feuilles.JPG,39118,4641280,0.008428278405956977
T142_B_EE_IMG_1382_220530_WB_A2_Fleurs.JPG,36074,4641280,0.007772424848317705
T142_B_EE_IMG_1382_220530_WB_A2_Vrilles.JPG,35225,4641280,0.007589501172090458
T143_A_EE_IMG_1367_220527_WB_A2_Feuilles.JPG,478988,4636160,0.10331567504141359
T143_A_EE_IMG_1367_220527_WB_A2_Vrilles.JPG,66480,4636160,0.014339453340695748
T143_B_EE_IMG_1369_220527_WB_A2_Feuilles.JPG,635859,4646400,0.13684981921487605
T143_B_EE_IMG_1369_220527_WB_A2_Fleurs.JPG,30898,4646400,0.006649879476584022
T143_B_EE_IMG_1369_220527_WB_A2_TigesVrilles.JPG,179589,4646400,0.03865121384297521
T143_C_EE_IMG_1370_220527_WB_A2_Feuilles.JPG,316215,4641280,0.06813098972697187
T143_C_EE_IMG_1370_220527_WB_A2_Fleurs.JPG,29745,4641280,0.006408792402095974
T143_C_EE_IMG_1370_220527_WB_A2_Tiges.JPG,106702,4641280,0.022989778681742967
T143_C_EE_IMG_1370_220527_WB_A2_Vrilles.JPG,46121,4641280,0.009937129412575841
T144_A_EE_IMG_1374_220527_WB_A2_Feuilles.JPG,450311,4643840,0.09696953383406835
T144_A_EE_IMG_1374_220527_WB_A2_Vrilles.JPG,64648,4643840,0.013921237596471885
T144_B_EE_IMG_1375_220527_WB_A2_Feuilles.JPG,367515,4623360,0.07949088974252491
T144_B_EE_IMG_1375_220527_WB_A2_Fleurs.JPG,21873,4623360,0.004730974875415283
T144_B_EE_IMG_1375_220527_WB_A2_Tiges.JPG,47091,4623360,0.01018544954318937
T144_B_EE_IMG_1375_220527_WB_A2_Vrilles.JPG,59469,4623360,0.012862723214285714
T145_A_EE_IMG_1371_220527_WB_A2_Feuilles.JPG,491018,4631040,0.10602758775566612
T145_A_EE_IMG_1371_220527_WB_A2_Vrilles.JPG,84355,4631040,0.018215130942509674
T145_B_EE_IMG_1373_220527_WB_A2_Feuilles.JPG,374465,4636160,0.08077050835173936
T145_B_EE_IMG_1373_220527_WB_A2_Fleurs.JPG,29587,4636160,0.006381790102153506
T145_B_EE_IMG_1373_220527_WB_A2_Tiges.JPG,62442,4636160,0.013468473909442297
T145_B_EE_IMG_1373_220527_WB_A2_Vrilles.JPG,104204,4636160,0.022476359745996686
T211_2_IMG_1110__220510_WB_A3 _Feuilles.JPG,98804,4633600,0.021323377071823205
T211_2_IMG_1110__220510_WB_A3 _Tiges.JPG,4208,4633600,0.0009081491712707182
T211_2_IMG_1110__220510_WB_A3 _Vrilles.JPG,26326,4633600,0.005681543508287293
T211_EE_IMG_0984_220429_WB_A4 _Feuilles.JPG,196950,4636160,0.04248127760905577
T211_EE_IMG_0984_220429_WB_A4 _Tiges.JPG,11431,4636160,0.0024656180977360572
T211_EE_IMG_0984_220429_WB_A4 _Vrilles.JPG,13168,4636160,0.002840281612368857
T212_EE_IMG_0977_220427_WB_A4 _Feuilles.JPG,256869,4631040,0.0554668065920398
T212_EE_IMG_0977_220427_WB_A4 _Tiges.JPG,14704,4631040,0.0031750967385295744
T212_EE_IMG_0977_220427_WB_A4 _Vrilles.JPG,24937,4631040,0.005384751589275843
T213_EE_IMG_0975_220425_WB_A3_Feuilles.JPG,14178,651840,0.021750736377025036
T213_EE_IMG_0975_220425_WB_A3_Tiges.JPG,56,651840,8.59106529209622e-05
T213_EE_IMG_0975_220425_WB_A3_Vrilles.JPG,1661,651840,0.0025481713303878253
T214_EE_IMG_0981_220429_WB_A4 _Feuilles.JPG,266022,4636160,0.05737981432909994
T214_EE_IMG_0981_220429_WB_A4 _Tiges.JPG,19567,4636160,0.004220518705135285
T214_EE_IMG_0981_220429_WB_A4 _Vrilles.JPG,47493,4636160,0.010244038169519602
T215_2_IMG_1111__220510_WB_A3 _Feuilles.JPG,87535,4641280,0.018860098938223938
T215_2_IMG_1111__220510_WB_A3 _Tiges.JPG,4169,4641280,0.0008982435879757308
T215_2_IMG_1111__220510_WB_A3 _Vrilles.JPG,17138,4641280,0.0036925158576944293
T215_EE_IMG_1039_220504_WB_A4 _Feuilles.JPG,288595,4638720,0.06221436085816777
T215_EE_IMG_1039_220504_WB_A4 _Tiges.JPG,1853,4638720,0.00039946364514348786
T215_EE_IMG_1039_220504_WB_A4 _Vrilles.JPG,18189,4638720,0.0039211247930463575
T216_EE_IMG_0980_220428_WB_A4 _Feuilles.JPG,238636,4641280,0.05141598869277441
T216_EE_IMG_0980_220428_WB_A4_Tiges.JPG,10068,4641280,0.00216922917815775
T216_EE_IMG_0980_220428_WB_A4_Vrilles.JPG,16576,4641280,0.0035714285714285713
T221_A_EE_IMG_1113_220510_WB_A3_Feuilles.JPG,482694,4636160,0.10411504348426284
T221_A_EE_IMG_1113_220510_WB_A3_Tiges.JPG,7557,4636160,0.0016300127691882937
T221_A_EE_IMG_1113_220510_WB_A3_Vrilles.JPG,47732,4636160,0.010295589453340696
T221_B_EE_IMG_1114_220510_WB_A3_Feuilles.JPG,119465,4638720,0.025753871757726268
T221_B_EE_IMG_1114_220510_WB_A3_Tiges.JPG,4815,4638720,0.0010380018625827814
T221_B_EE_IMG_1114_220510_WB_A3_Vrilles.JPG,4849,4638720,0.0010453314707505519
T222_EE_IMG_0992_220502_WB_A3 _Feuilles.JPG,230334,4620800,0.049847212603878116
T222_EE_IMG_0992_220502_WB_A3 _Tiges.JPG,21453,4620800,0.004642702562326869
T222_EE_IMG_0992_220502_WB_A3 _Vrilles.JPG,42387,4620800,0.00917308691135734
T223_EE_IMG_0991_220502_WB_A3 _Feuilles.JPG,194179,4628480,0.04195308178926991
T223_EE_IMG_0991_220502_WB_A3 _Tiges.JPG,7549,4628480,0.0016309890071902655
T223_EE_IMG_0991_220502_WB_A3 _Vrilles.JPG,26020,4628480,0.005621715984513274
T224_EE_IMG_0989_220502_WB_A3 _Feuilles.JPG,241023,4623360,0.05213156665282392
T224_EE_IMG_0989_220502_WB_A3 _Tiges.JPG,9628,4623360,0.002082468161683278
T224_EE_IMG_0989_220502_WB_A3 _Vrilles.JPG,31241,4623360,0.006757206879844962
T225_EE_IMG_1037_220504_WB_A3_Feuilles.JPG,310506,4631040,0.06704887023217247
T225_EE_IMG_1037_220504_WB_A3_Tiges.JPG,7498,4631040,0.001619074765063571
T225_EE_IMG_1037_220504_WB_A3_Vrilles.JPG,15329,4631040,0.0033100556246545053
T231_2_EE_IMG_1383_220530_WB_A2_Feuilles.JPG,206683,4638720,0.04455604132174393
T231_2_EE_IMG_1383_220530_WB_A2_Tiges.JPG,20718,4638720,0.004466318294701987
T231_2_EE_IMG_1383_220530_WB_A2_Vrilles.JPG,42619,4638720,0.009187663838300221
T231_EE_IMG_1168_220516_WB_A3_Feuilles.JPG,239758,4628480,0.05180059112278761
T231_EE_IMG_1168_220516_WB_A3_Tiges.JPG,22078,4628480,0.004770032494469027
T231_EE_IMG_1168_220516_WB_A3_Vrilles.JPG,36924,4628480,0.007977564988938052
T232_2_EE_IMG_1405_220602_WB_A2_Feuilles.JPG,104703,4638720,0.022571528352649008
T232_2_EE_IMG_1405_220602_WB_A2_Tiges.JPG,13850,4638720,0.002985737444812362
T232_2_EE_IMG_1405_220602_WB_A2_Vrilles.JPG,24607,4638720,0.005304696123068432
T232_A_EE_IMG_1162_220516_WB_A3_Feuilles.JPG,847591,4638720,0.18272087989790287
T232_A_EE_IMG_1162_220516_WB_A3_Tiges.JPG,578,4638720,0.00012460333885209714
T232_A_EE_IMG_1162_220516_WB_A3_Vrilles.JPG,29532,4638720,0.006366411423841059
T232_B_EE_IMG_1163_220516_WB_A3_Feuilles.JPG,480023,4633600,0.1035961239640884
T232_B_EE_IMG_1163_220516_WB_A3_Tiges.JPG,28278,4633600,0.006102814226519337
T232_B_EE_IMG_1163_220516_WB_A3_Vrilles.JPG,25938,4633600,0.005597807320441989
T232_C_EE_IMG_1166_220516_WB_A3_Feuilles.JPG,326554,4631040,0.0705141825594251
T232_C_EE_IMG_1166_220516_WB_A3_Tiges.JPG,13113,4631040,0.00283154539800995
T232_C_EE_IMG_1166_220516_WB_A3_Vrilles.JPG,10759,4631040,0.0023232362493090103
T233_2_EE_IMG_1384_220530_WB_A2_Feuilles.JPG,217382,4638720,0.046862496550772625
T233_2_EE_IMG_1384_220530_WB_A2_Tiges.JPG,31055,4638720,0.006694734754415011
T233_2_EE_IMG_1384_220530_WB_A2_Vrilles.JPG,46269,4638720,0.009974518832781457
T233_EE_IMG_1153_220513_WB_A3 _Vrilles.JPG,17406,4631040,0.0037585509950248757
T233_EE_IMG_1153_220513_WB_A3_Feuilles.JPG,242282,4631040,0.05231697415699282
T233_EE_IMG_1153_220513_WB_A3_Tiges.JPG,10286,4631040,0.002221099364289663
T234_2_EE_IMG_1343_220525_WB_A3_Feuilles.JPG,467149,4633600,0.10081772272099447
T234_2_EE_IMG_1343_220525_WB_A3_Tiges.JPG,16033,4633600,0.0034601605662983427
T234_2_EE_IMG_1343_220525_WB_A3_Vrilles.JPG,81169,4633600,0.017517481008287292
T234_EE_IMG_1159_220516_WB_A3_Feuilles.JPG,367465,4636160,0.0792606381143015
T234_EE_IMG_1159_220516_WB_A3_Tiges.JPG,20217,4636160,0.004360720941468802
T234_EE_IMG_1159_220516_WB_A3_Vrilles.JPG,72719,4636160,0.01568517911374931
T235_2_EE_IMG_1345_220525_WB_A3_Feuilles.JPG,397532,4633600,0.08579333563535911
T235_2_EE_IMG_1345_220525_WB_A3_Tiges.JPG,20753,4633600,0.004478806975138121
T235_2_EE_IMG_1345_220525_WB_A3_Vrilles.JPG,70773,4633600,0.015273869129834253
T235_A_EE_IMG_1154_220513_WB_A3_Feuilles.JPG,324571,4620800,0.07024130020775624
T235_A_EE_IMG_1154_220513_WB_A3_Tiges.JPG,44,4620800,9.522160664819945e-06
T235_A_EE_IMG_1154_220513_WB_A3_Vrilles.JPG,57874,4620800,0.012524671052631579
T235_B_EE_IMG_1155_220513_WB_A3_Feuilles.JPG,108372,4646400,0.023323863636363636
T235_B_EE_IMG_1155_220513_WB_A3_Tiges.JPG,27213,4646400,0.005856792355371901
T235_B_EE_IMG_1155_220513_WB_A3_Vrilles.JPG,44359,4646400,0.00954696108815427
T241_A_EE_IMG_1326_220525_WB_A2_Feuilles.JPG,561256,4651520,0.12066077325261419
T241_A_EE_IMG_1326_220525_WB_A2_Fleurs.JPG,12644,4651520,0.002718251238304898
T241_A_EE_IMG_1326_220525_WB_A2_Vrilles.JPG,57222,4651520,0.012301785222894882
T241_B_EE_IMG_1327_220525_WB_A2_Feuilles.JPG,168657,4661760,0.036178825164744646
T241_B_EE_IMG_1327_220525_WB_A2_Fleurs.JPG,43765,4661760,0.0093880851867106
T241_B_EE_IMG_1327_220525_WB_A2_Tiges.JPG,65328,4661760,0.014013591433278419
T241_B_EE_IMG_1327_220525_WB_A2_Vrilles.JPG,43765,4661760,0.0093880851867106
T241_C_EE_IMG_1328_220525_WB_A2_Feuilles.JPG,73278,4638720,0.015797030215231787
T241_C_EE_IMG_1328_220525_WB_A2_Fleurs.JPG,76867,4638720,0.016570735030353202
T241_C_EE_IMG_1328_220525_WB_A2_Tiges.JPG,23571,4638720,0.005081358650662252
T241_C_EE_IMG_1328_220525_WB_A2_Vrilles.JPG,69961,4638720,0.01508196226545254
T242_A_EE_IMG_1320_220525_WB_A2_Feuilles.JPG,568733,4648960,0.12233553310848018
T242_A_EE_IMG_1320_220525_WB_A2_Tiges.JPG,14799,4648960,0.0031832926073788546
T242_A_EE_IMG_1320_220525_WB_A2_Vrilles.JPG,51989,4648960,0.01118293123623348
T242_B_EE_IMG_1321_220525_WB_A2_Feuilles.JPG,217146,4631040,0.04688925165837479
T242_B_EE_IMG_1321_220525_WB_A2_Fleurs.JPG,35331,4631040,0.0076291718490878934
T242_B_EE_IMG_1321_220525_WB_A2_Tiges.JPG,67696,4631040,0.014617882808181316
T242_B_EE_IMG_1321_220525_WB_A2_Vrilles.JPG,142168,4631040,0.03069893587617468
T243_A_EE_IMG_1324_220525_WB_A2_Feuilles.JPG,520563,4646400,0.11203576962809918
T243_A_EE_IMG_1324_220525_WB_A2_Fleurs.JPG,13957,4646400,0.003003830922865014
T243_A_EE_IMG_1324_220525_WB_A2_Tiges.JPG,21008,4646400,0.0045213498622589535
T243_A_EE_IMG_1324_220525_WB_A2_Vrilles.JPG,72184,4646400,0.015535468319559228
T243_B_EE_IMG_1325_220525_WB_A2_Feuilles.JPG,416201,4638720,0.08972324261865341
T243_B_EE_IMG_1325_220525_WB_A2_Fleurs.JPG,19561,4638720,0.0042168960402869755
T243_B_EE_IMG_1325_220525_WB_A2_Tiges.JPG,56314,4638720,0.012139986892935982
T243_B_EE_IMG_1325_220525_WB_A2_Vrilles.JPG,65242,4638720,0.014064655767108167
T244_2_IMG_1464_220613_WB_A2_Feuilles.JPG,295055,4631040,0.06371247063294638
T244_2_IMG_1464_220613_WB_A2_Fleurs.JPG,26504,4631040,0.00572312050856827
T244_2_IMG_1464_220613_WB_A2_Tiges.JPG,35319,4631040,0.007626580638474295
T244_2_IMG_1464_220613_WB_A2_Vrilles.JPG,56729,4631040,0.012249732241569928
T244_A_EE_IMG_1322_220525_WB_A2_Feuilles.JPG,446410,4646400,0.09607653236914601
T244_A_EE_IMG_1322_220525_WB_A2_Tiges.JPG,10567,4646400,0.0022742338154269973
T244_A_EE_IMG_1322_220525_WB_A2_Vrilles.JPG,51801,4646400,0.011148631198347107
T244_B_EE_IMG_1323_220525_WB_A2_Feuilles.JPG,367779,4628480,0.07945999550608407
T244_B_EE_IMG_1323_220525_WB_A2_Fleurs.JPG,26468,4628480,0.0057185080199115045
T244_B_EE_IMG_1323_220525_WB_A2_Tiges.JPG,54700,4628480,0.01181813467920354
T244_B_EE_IMG_1323_220525_WB_A2_Vrilles.JPG,75232,4628480,0.016254148230088496
T245_A_EE_IMG_1329_220525_WB_A2_Feuilles.JPG,305465,4638720,0.0658511399696468
T245_A_EE_IMG_1329_220525_WB_A2_Fleurs.JPG,19074,4638720,0.004111910182119205
T245_A_EE_IMG_1329_220525_WB_A2_Tiges.JPG,19706,4638720,0.0042481546633554084
T245_A_EE_IMG_1329_220525_WB_A2_Vrilles.JPG,69977,4638720,0.015085411492825607
T245_B_EE_IMG_1330_220525_WB_A2_Feuilles.JPG,510262,4646400,0.1098187844352617
T245_B_EE_IMG_1330_220525_WB_A2_Fleurs.JPG,13641,4646400,0.0029358212809917354
T245_B_EE_IMG_1330_220525_WB_A2_Tiges.JPG,23567,4646400,0.005072098829201102
T245_B_EE_IMG_1330_220525_WB_A2_Vrilles.JPG,81224,4646400,0.017481060606060608
T245_C_EE_IMG_1331_220525_WB_A2_Feuilles.JPG,454184,4648960,0.0976958287444934
T245_C_EE_IMG_1331_220525_WB_A2_Fleurs.JPG,14125,4648960,0.0030383139454845816
T245_C_EE_IMG_1331_220525_WB_A2_Tiges.JPG,11005,4648960,0.00236719610407489
T245_C_EE_IMG_1331_220525_WB_A2_Vrilles.JPG,73649,4648960,0.015842037789096916
T245_D_EE_IMG_1332_220525_WB_A2_Feuilles.JPG,135410,4643840,0.029159058020948182
T245_D_EE_IMG_1332_220525_WB_A2_Fleurs.JPG,35173,4643840,0.007574119694046306
T245_D_EE_IMG_1332_220525_WB_A2_Tiges.JPG,84011,4643840,0.01809084722987872
T245_D_EE_IMG_1332_220525_WB_A2_Vrilles.JPG,59522,4643840,0.012817409729878722
T246_A_EE_IMG_1365_220527_WB_A2_Feuilles.JPG,647167,4643840,0.1393603138781698
T246_A_EE_IMG_1365_220527_WB_A2_Vrilles.JPG,93527,4643840,0.020140013437155456
T246_B_EE_IMG_1366_220527_WB_A2_Feuilles.JPG,160453,4643840,0.03455179334343991
T246_B_EE_IMG_1366_220527_WB_A2_Fleurs.JPG,35568,4643840,0.007659178610804851
T246_B_EE_IMG_1366_220527_WB_A2_Tiges.JPG,57278,4643840,0.01233418894707828
T246_B_EE_IMG_1366_220527_WB_A2_Vrilles.JPG,41546,4643840,0.00894647533076075
